x0,x1,x2,x3,x4,x5,x6,x7,x8,x9,y
11.694998143294677,-9.393096629711696,-15.400412520813259,10.988070803173072,1.9867490296872639,5.548962129830514,-24.385674154120753,-12.534199366722087,12.552109118367381,8.855927932784109,7
2.1716168992274936,2.596126841182023,-5.720803391389129,-13.98178713237516,-19.959572494064744,-11.245451984512512,-10.155479210596678,-3.255302701117218,-2.9729008792442206,-0.5821162730817058,0
14.199551217526944,-9.849464152896106,-15.522312146255457,-4.921378946595823,-10.118874138693684,-2.922336733020469,6.10326221743907,2.0340352454144943,27.84814042987918,-14.296780386618035,5
1.4628592843809263,-2.9511294373849366,-20.37126931981438,0.03334065481941906,9.751045618130782,-9.224558579798842,10.821649043535045,1.6711690460038788,-3.6259411354883193,8.002317804526129,6
-32.63777856338599,7.470193687040432,-8.70597136272482,6.325385149576896,14.045742206363288,-5.517449949630557,11.558869203026928,-1.846603313082273,-8.187052740465603,-1.2597661657556178,3
3.0418615930446804,1.5099176463166448,3.83831619414691,-1.2747208584624863,10.940006743451336,5.210723547602962,3.349388461325722,-11.962259876609629,-5.604026333554107,-12.608196240248368,6
-1.0295463430290424,-17.69327473222817,-6.195570757139342,0.44503582259340924,2.065560830120022,16.561984525036024,1.0843744579398287,-8.936707283426376,-5.032480431024697,4.310449533394003,7
4.124743012617818,10.787473807455482,-7.702753058051208,13.952117046780126,3.657221850801152,-18.020118181134524,4.8800649475085685,-4.725512220112687,-10.552736946728865,-2.958730722478254,2
29.912257879780597,2.978656567615063,7.5588044094996025,-14.642366520487348,-14.972020251782848,-5.118638086876166,-5.001757404700789,-1.6384421627575065,9.174810281082161,17.64921229927117,0
-7.6753436276622455,-7.888488558658162,-0.10984608180015876,16.449840599181044,0.012880213242569605,-2.168903197977113,11.971662043695598,-19.036099794241302,20.43559335553065,14.741616513126418,1
8.488894812635616,3.307178446467955,10.834927166495147,12.354841465946008,-27.141365674889656,11.03871196899368,0.8267395797597983,17.321178838068505,1.9313258556443977,2.353825655413238,0
-2.834215337511936,-21.268706776449726,-8.35536483863541,21.85791051277166,-20.817892787101542,1.2328822499129348,0.7866150421072092,-19.57306954767791,-6.608084553800952,7.837229229367908,7
3.3238138079845303,3.209146197453336,-1.5288882292253505,-25.024873178548482,-3.75934158056507,10.431693239677545,17.88267300382255,-6.247435381646643,5.743282793564868,-7.093580644789011,6
-4.110730416449716,-5.148403539060187,0.1521196608594364,0.14359502366244214,3.3546023360876953,6.69956299086561,25.56591007267251,-7.134573836164864,8.55270286162031,3.2536753478883433,1
14.21840041411053,-4.2546555974617455,-24.903916409268703,-14.542832820371693,-12.64381518475537,11.884177357328413,7.646756678969741,16.61229275419192,14.455601080976775,-1.6081520225810726,8
2.6489605852292755,-12.333651882424297,8.944283374708569,12.18742487864616,-7.238985285396148,-2.1137174783879225,-4.060513149845146,-24.964708679602744,8.52741750804124,3.1232151248682705,1
-11.895847263676144,-6.3691016698397025,-23.521767028656882,-2.1951492147098133,-21.192824684747592,19.17725791972304,-15.43366749081423,-23.018976562058274,-4.970383500158366,3.5506817629398384,5
-10.93753656149136,-2.8052778950551827,9.36724426496866,25.76206797700307,10.033470070285503,-1.932196511996291,4.160203375132533,-12.223671637763251,-17.5339378093408,5.950004674471904,3
-5.964321241057905,4.672087665735919,-20.429081830384064,19.017659794841343,3.214957921663766,-4.737206053394655,-9.796124805012942,-2.9297284801186794,8.55164736317057,-0.5050077210340507,3
-17.50239505656312,-8.33912092463083,0.653480869965724,21.376048472847053,-12.800761396276222,-19.967165103449723,-12.879285899934196,-5.646571274739038,3.708430241601426,-12.509288683788995,3
14.836172065945542,-1.1116331081986317,-0.20501538686027532,14.750658941334752,18.33270990182688,5.926238866708269,10.354739269570532,3.0969163914790663,-7.7847241435553265,8.543999088353651,1
-10.62837135255894,-28.176787614314314,14.37594543641577,0.42855850316433575,10.201476598815656,20.506159977032105,9.262468294166988,2.3489482306121534,-14.774148485838516,18.14620408656139,9
-17.40813601563732,1.928113539325265,7.8160871541815204,9.589707843258838,-15.852938600394001,-9.028492120272817,-10.688672239166275,0.8232605889024072,-7.322285525033282,15.401989549898802,3
-5.851402398903776,10.16989118408878,-4.870375579028272,0.2128047299043747,-15.694807963325312,-16.886971825070653,-1.3612345144308735,-16.388681110587363,-5.732365785659292,-20.78694920272666,2
13.175412118452195,-7.604611582290502,-0.6166944193601265,-10.85696003180417,-25.570391299264912,6.856561304919243,-14.584926237324584,9.389186830534555,-8.175700901007339,13.093779325400996,0
-2.450859268342951,-6.518068751955867,-16.464076208521465,10.574402510655439,-5.998188821759265,6.937622384549628,20.38100392164074,-8.08006600521258,-8.507007260134152,8.959394817438803,4
-16.51186165247897,-2.483739906586125,-6.741407796343318,-7.75722225110863,-2.1014228713501306,12.103761881312426,12.259211066214082,13.675838973609823,-12.155982211011331,-4.467044066824084,8
-16.94154339554884,-4.735863773230198,-6.432956322352503,-3.0802792567125103,0.4924993719446773,-24.297088284167685,19.4855788350303,-4.654686467171506,2.42743599325789,-11.538009425740421,2
-13.694088505200625,-16.094837109382006,17.63456763780093,-5.154113035301694,9.064610016904245,-21.919249574045665,-9.085572840819532,-13.44703364305207,-1.2133976055668971,3.8550316213154554,2
-6.842845433342044,0.7547610223232688,-10.42671287671125,-22.961028587026437,10.345980469024344,-0.9075647417012025,-7.519505083951698,-2.781305210004975,-15.901665121952288,24.663768501386954,1
-10.09303798863071,16.890821357866727,-0.04443909909196675,5.5032187338232585,3.801876201279283,-23.651979583494672,-7.378815712099369,9.67876330135665,-1.968127216651471,12.648348976547275,1
1.3278163274191694,-1.4937127606960168,-11.584909484002614,9.023406475453193,-0.6370229373011598,9.561352935393941,0.1990396338838618,-5.508665149733236,11.395503776151514,-3.457956857374686,8
9.230504561259021,1.2799864919494794,-9.00094870143337,-20.697895143476195,-22.038553946120558,-22.748570032805823,-5.879805709773223,-8.386247560147593,-20.70901298281273,-15.70432054273832,6
-14.868130663802022,2.3613692521106016,1.0900409468084526,-2.632844551511287,11.346408644486107,-10.713706971477773,-3.3469923830694954,-17.17068250624569,19.54001952228974,1.37444157525298,3
-10.906978270832402,15.03961109311766,3.558707776151043,-7.87269229882801,15.114256970195683,-10.066347414992439,-5.378080629690501,-5.908818207014485,6.208736313497913,1.9451646035812873,3
-3.5244183225535703,-4.699885568398706,-16.099738976443852,1.6063343817556621,2.3241683844243335,6.30820230114216,-14.64302399613157,-13.378822267436256,16.212750041210278,-2.4321496871033217,5
5.866527444173842,-16.233641941484173,-22.142776995574323,-14.466935553438633,-15.4615941472981,-3.298457980839135,0.29957817274761833,0.8163766205635019,-11.767011879832395,-13.13490393582922,4
12.03859461728638,-10.642231119905624,8.764719390245725,-5.292284021716466,-1.1396466952940054,19.16389713833235,0.08180629019818575,0.7406364305314446,19.18795772231824,1.5015585516730496,5
-10.804849876528035,-1.0425217486046607,-4.8608597071107145,-5.233837163489227,1.387023751961459,7.92056171552429,0.21287626041837893,17.16358632208452,-7.993661131670066,-7.711080396066507,9
-10.90271708278164,-1.5100607990805175,-22.46584439307975,-11.518287526723748,-11.629622698924894,7.431299380283303,-25.903834231586313,-11.851578121047247,-8.60676623152894,-5.201251033781429,5
-14.420186950722993,-21.642845860254425,-8.904313271709466,-1.90233753876572,-6.151310243312127,24.348635854285764,-16.455023148147724,14.646666545202237,12.969038016519551,-7.110031371399094,5
16.89222180008205,3.8724900496229875,-4.97864213106241,-12.600239459781486,2.9408309614002732,9.395160059331996,6.77486902453347,-16.221677388483265,-1.729873336089475,-14.374339241073828,4
20.792611846241087,-12.067983737369056,2.1796728097229168,3.4484508780740253,-2.7881569590816127,-9.38008988217392,13.883047576675539,-9.93115327309268,0.7901600678098806,-25.200389336613398,6
-20.227124322445828,5.69153708267843,13.223722074064113,4.002339527300806,22.740454493614905,-12.62258967751776,5.423072432155669,-6.258164261091521,1.412432736307795,0.6138914779873157,3
-4.580319274327076,-13.865722970950754,5.266037395467868,-7.872593347226267,-2.556324012911161,9.323666775376266,-0.46751482447048276,-4.752666088260921,-21.153431445088053,2.6526384085559123,9
6.144558310947843,6.683176804001157,10.042359285022872,3.502727386563131,15.702714878028166,-17.672767260881294,0.7189669919792565,-5.371056311685309,-2.0065173727210572,2.8278230215659974,2
-0.5416837210014727,-5.333716263887947,6.056726939720793,5.816171385099951,-3.704362271994638,5.320846052840852,21.367464867972753,-4.394497094879544,3.6973417327357465,11.857755519429169,4
-1.2090746696343397,-10.45266462512819,-25.148541156373554,13.977539349867136,-9.87787346380894,27.93861217520244,-9.670390492835404,15.150644264111026,14.918342275386017,6.982556205246768,5
4.971359486518985,-3.9468732310606747,-9.851258702023866,-4.896168295503655,10.658883553295002,4.566443403481225,8.394585075397172,-3.7579007158231965,2.6451132445316263,-7.783129963589088,1
-1.1113506620781957,-6.5894706903785885,-2.461590182331572,-3.823116633774341,-10.147676361206406,8.061512456591299,10.09486356719546,22.632907524991968,10.442170906633244,-6.281426475086567,8
-3.01688563785935,4.027785114956801,-14.259535703800088,-1.3142890763577917,-6.3092800746151205,5.738614854657328,15.092626131933145,-2.0727805388119807,0.09043390830690345,18.28493129015377,4
2.761678773122732,-11.8898337208057,-7.760548191078512,-6.622960673808379,-2.079280519902745,14.860215706933994,-1.8871557310634621,-34.36443320538684,19.71207724993036,2.5663729722269855,1
-2.976456473915202,-5.453531176029063,0.8215999863837702,-1.3102718629658003,-20.910223948889676,-4.183996192734066,9.475516230732188,-13.509561955414394,-20.378326759833808,15.917984366661896,4
17.1213917908592,-1.6276839428719816,-3.668161149182733,-0.6473217157804836,-13.843432515157051,-2.42531466443487,5.800922947685522,0.8571179463261878,2.2829559062818747,-22.72168857437414,1
14.641546362218046,-10.331038004393239,11.078194252692533,-17.728464092900822,-4.337934442424029,-7.963186466522906,-2.711450790435719,3.0429765263490385,3.4393998985611924,24.163633109696562,0
9.766987510127336,-1.6194189192141284,-0.24853189986639723,-7.372543842448651,15.022751210226136,16.061028463528864,-12.79843180724238,4.645115291131423,0.3928676269797351,17.588401857603092,9
-3.758334743395965,-9.093647479087018,18.4983789491722,-11.913395343728194,2.7829098626383595,2.866545417400703,12.567584197564804,-8.36974264378795,-3.863389449358385,7.678571325253529,6
9.803147654411854,-4.031844163245728,-8.990576774911,-21.07911415512245,2.837100969249561,-4.106123292916671,-8.240117441834565,-16.307184545832005,10.719965368404143,3.080412404816526,5
1.130987414276599,-7.227853665823604,-1.8811881322700508,-0.7162794976702992,-3.5227969554053296,-9.536454961928463,-10.710380647110204,-24.273986368110393,3.9421853656980463,2.971514517845768,2
2.2332305450565695,-8.789056001614714,-21.575958448524467,15.246585750539264,-27.78836925050038,9.507053270178718,2.35297601346533,-2.9794489609089023,11.019694248811795,-17.67853544363119,5
-5.721976584331468,-10.506143784241832,-27.11843796320771,-4.002750545506137,29.55303857159179,-18.746708460482974,24.854438822474684,-33.08056486801372,10.640168300383474,8.614697379095528,3
2.823957808618616,-2.1597228860450413,-24.250082770813513,-1.2959900034501919,1.4657525044700286,1.7611063422892936,-2.598262853922993,3.0915765377098436,-10.127996187680576,-5.592787086808597,6
8.642286604641537,-16.741775987537288,-6.487740797079329,-3.2599544513713363,-1.4750781454263642,12.100858931216628,-2.5713792940020497,-14.288348990457532,20.7809429271267,-7.650160054893619,5
-6.154882163991734,2.655878603861348,11.876297363829215,-27.657371842925233,-4.93440480979028,4.73990650018947,-30.62641009504876,-4.564084027590614,3.7153092118088367,-7.907029518772882,2
7.953502237102201,12.030289002615321,9.645149817662737,15.808054697375987,4.952797160177398,0.7906119810076073,0.9737982446395117,-12.157013011445718,6.12155981396199,15.728932180315708,1
-16.821408393316077,-13.25377765135818,6.09225729848263,0.01626266059832382,5.6231486975771645,2.0586471634856167,-13.164518838874855,-30.86515745373567,19.129753812040953,6.171169406885159,3
4.399504658009212,-5.755744754970202,-9.41918808011119,-5.333674402732225,-17.661072539150943,-7.003254516192385,8.31976520861781,23.25303840580952,18.049170902481784,-8.444273142490376,8
9.355909234540304,-0.7639404193348742,1.0530947111867652,22.701490062009437,3.0690754025384983,13.298955924750059,-8.733920798499978,14.642057224151152,-0.8843118860996668,5.5548916832202995,7
11.383061004852443,-13.113264718677083,-2.490063824601716,12.128901703354797,-16.067642781037875,7.955768650170926,12.24480986196954,-22.07670107208302,-12.420797779150384,13.652370617709256,4
-6.574548089022382,8.65442190550697,-17.71055520635069,4.120396217425133,-16.825295032609194,6.675349950344367,10.741709678579076,-16.230296578957777,-6.270724000901404,-19.495068859250026,6
1.4378091699400652,7.267400153143182,-7.902973376282263,-9.855046756232085,8.256630771134743,1.436014840836269,6.460718854807559,10.206661858853472,3.649283267682481,-5.031305230239923,0
-3.473964688866036,7.501334887241098,-23.800947766647823,-1.6689774205588321,-9.141849205289324,0.26871491487853216,0.8034602254543994,-5.416170585699754,-7.198523228944396,13.516062166021989,4
8.909298645119346,-1.218013557216937,5.019970566038797,1.9964497085401103,13.716551730250758,-0.9924954178006953,-6.654285672129625,-0.27499852146372383,10.419166233537407,-0.45682982112674697,1
-10.73758098823916,-13.124342919779576,2.268162435819316,2.497372993601897,10.79629842917497,-0.07792132900981485,-8.756752260040216,4.420050145406419,-9.153421617431444,2.0339726895849912,9
-19.909589148865457,2.1831968375614856,-3.475388740958664,8.240161849878426,-11.167809686165995,2.0435237090144236,3.31183761106252,14.908461694457678,-7.088290740133129,-0.48431516085215165,7
-4.460714983886655,-15.01394907785337,-12.538895161314596,4.26865938491601,-1.4962581542928468,0.5582691754752207,13.235812298113832,-2.977576561427143,-6.98642639145698,-8.533337859958198,1
-19.014339147030874,-5.927999146576489,6.1956436489468185,-7.409599348200608,-14.563180906080035,12.595740925850821,-9.152302569889452,-10.209838878797866,-3.9514552253886994,0.8864260609265928,7
-3.867699971548873,0.8909651472499256,-16.437451791931498,11.819906858126643,-27.126557842236892,2.4119440855620304,26.11305123229209,-6.164234210022998,10.240967982372323,38.83199571831265,1
-7.429470039368712,-11.461058421504339,-30.831877145226727,-8.670237641639936,-12.719346227322632,-8.435488272089161,3.006846503947234,-10.881346051542227,-24.182965047137998,17.730196963207163,7
7.9265353211914205,7.152121454626768,0.7867225337524193,-11.394276568625347,7.350687630833296,4.579584687544729,13.790304179289707,5.255600102148231,6.861280704153892,1.1731732070118959,8
-26.711045785890608,12.017718588101147,-21.821088075205054,1.6574854136321395,-12.041595709318312,-6.960330024189916,-8.10460366517562,3.9553478700306552,0.2753891161739137,-13.432998224270289,3
1.0578966152703106,5.80943808678156,-7.018514340974267,-13.054060866487681,7.7618698463428375,20.072753921829715,11.147199381081071,0.0785438441805506,-3.7531712388495473,8.692587342481989,9
-1.9663265361770428,4.765051713448923,1.5652328056485634,-8.925769954774974,9.295845163279477,-4.954926097979776,-19.757443717201348,-5.636267525080749,2.3295255538802877,6.734927840848176,9
-17.102775706820587,-5.549278366674313,-5.348046053430095,12.14820090093076,0.5212780909178112,-11.044071540349501,0.36660180031354894,-6.64681441525931,14.70196110356588,11.408636494310542,1
-4.3106716176538615,-16.841430328816614,-4.495494806732125,-4.960877048337717,7.5788838700892605,-12.744512443292166,1.6495874895804343,-24.995643581566128,-7.99728586040551,-1.858583728740025,2
-6.3996267856753475,-22.903786283736054,10.623768272468912,5.8028880713768185,-8.888321314920496,-7.250277203531205,10.585965262465129,3.2737457309787263,-2.4985367903210527,-0.8859527270511682,7
-12.17993435606569,-11.874489361271836,-4.43167313571498,9.12456176061586,2.0873110330301223,-12.934867049455363,5.714714409372976,8.777589439045801,17.043656254574415,-6.814669385439661,3
-14.730086648446978,-7.0954907378794365,-8.15495263272588,5.358705101501492,6.680580342087685,-9.85732610666112,-4.313723996509927,-0.1655358578938282,-4.198051830252711,-15.690971024114983,3
-23.623997525468653,-9.62525252826168,-4.229564616235862,-5.426137355481597,-3.1436979504699414,-14.1408034294545,17.253543750569587,-10.122824718333936,-1.6814289609302593,-2.8939148790163145,4
-3.7195405898355958,-9.865581135700285,-2.1303429140462176,1.1641249763113777,7.654974881922923,-3.2404300974906803,-2.7439877519170466,-1.4505343331158405,8.309674130326396,-21.111439084978336,6
16.779589059554617,-11.218966655844374,9.052054482770286,-19.8125630489738,-5.236195483314343,-9.476227396606333,10.279826277309342,15.443427326647768,13.945408925662058,23.235435837266504,8
6.80135744419214,-4.202716779683007,5.793848155355566,-3.409191761679531,-11.208545255007964,-28.997474385770822,-11.736714439165347,-4.033005635164108,6.1424365277861614,7.41644310372982,2
-1.1327270434536496,6.930330396425395,-14.873291002603322,-0.15404469929659825,7.94640557411099,8.77346236059126,4.015389418259057,-9.828730313560639,-9.949812849285145,-14.018590237499653,6
-33.875123527926476,-10.966786049567695,9.741308439646414,11.142825787430931,14.37170684699599,17.473094652872916,-0.9730481039509882,-13.497216915866895,1.0441606657827787,-5.496781744748372,9
-7.3575739960646445,0.3087734669477271,-19.55857401395125,12.401460675281518,3.176075050787964,2.4962396581466986,6.52803298754542,-2.6341388188553694,9.439768048421001,-1.2159568040001592,1
8.65031200472395,-13.751224578225507,15.470162162729263,17.384489524135244,5.767906555987375,7.40099216421467,2.835287671196024,5.199412913960565,-16.75073117566612,23.293604213456298,9
12.44089172846596,14.964547319371613,2.952180536496092,-12.47101326206148,-9.201805627722553,-17.970200032391972,11.112885937115283,-14.556308450829361,7.673486345199182,-13.74584945184869,6
-10.52528171492184,4.872635899171119,4.8234153532950925,-6.570859998790231,3.0028467310854516,8.094012111373612,3.2504744242035306,2.0980143609089623,-3.0818837179168526,3.1896855570549945,7
-14.144293493811526,0.6515975363961717,3.5613580392536957,21.1285736104048,-4.914857429294872,-2.9226495114671645,2.8125477523731286,0.6258415796155248,4.63375005837533,4.184268385628367,1
8.118670814661467,-10.858604541930479,-21.867627646988506,19.731525140885623,-19.089491670343577,4.942853699055071,11.146770066509143,9.577145319057406,-16.21472009940131,-9.910211311979284,4
9.982485022253917,-15.93934165610305,6.854702176500876,8.134897707712152,-6.564162278397909,10.868830352481757,4.190526428016842,8.117475210450175,-20.808528561561626,5.530821853709105,9
0.3433747355327297,-1.2945707731840077,12.904554694859334,1.5202645621616782,-1.481560464071649,15.273041754817,-8.854537830690372,14.778583305744634,-0.19850476313004073,1.1749978055454293,8
-10.849813854992432,-6.745142524954382,9.708174588866516,17.34604545405991,10.656988501044069,-13.179917649359552,1.3942087044030145,-23.359672395631854,-4.015692580433611,-5.1569953457309605,2
0.3650367666192267,4.9948231981145135,-14.181668424367617,16.834119824138686,4.123644289845402,0.16951413423360862,19.11975431132142,19.277044692034952,-20.329836902137668,18.31727350148219,8
-18.875439592902197,-0.9269625846451008,-1.5294131685923218,20.648694382050905,-4.525174556491086,-30.728544479330132,7.683071693500583,5.24316987863757,1.1725419281315208,-8.027616861191937,6
-1.9683978854609911,-4.413243687376978,-1.1276224540009505,0.9833478144131451,-2.723166720193629,13.098148497242992,-1.238433944674506,-13.995563657933303,-11.081918280337755,6.938552723073201,7
-6.978335688659289,-0.8465440331066048,1.5414924505461904,-5.775441054128486,-0.8159984859708889,20.726794668195055,5.474610625554863,3.533402643904382,-4.622256923583335,16.420989093541746,8
15.723130850989508,3.5227163465267144,13.27720510336138,-0.25753979009718364,13.350145956286296,-9.489934920087535,14.855934879288835,3.5167356905320073,-16.029357185718695,-11.525627070860896,6
-7.948250093054548,0.8605689087039732,12.310450563074555,-7.563452371110676,-2.7680357022582314,27.827278287470158,-4.773708009737142,27.139012216721717,-1.9604193845057107,-3.758526157977114,9
-23.726603522321646,5.8105011338102805,-0.857889739691813,-10.79709328207661,-11.408087607030254,-6.892577185200182,7.406553933289375,-5.4085263462057505,-3.3889610447959075,2.057635616213762,3
18.372942188984823,12.95496257051506,19.720680415559393,3.3992618684350475,-5.2838891303822475,1.2734091074327623,-5.845979515542406,1.3190373552888772,2.379170909698452,-8.268206162572334,2
7.337035662358866,-7.982956622253541,-1.0358856521321353,-10.654222487858473,6.050644191041071,7.313797006497877,5.778103314048676,8.290256236083403,-1.3752004119373318,-1.7670940576666174,8
3.8115624787679554,4.3217508142715815,-12.748363432939831,-4.8784808940237845,-5.821622752289735,12.351783621228902,4.988802110074143,-10.61320983536125,1.8640978875698684,10.81414069974311,4
-5.269508383783267,-8.382042227357921,10.860005089711501,18.89984209618819,6.472264069517207,-13.858550018751645,-2.224784755684849,-19.403184478980947,-5.275505189722406,2.2293328496290163,2
-20.813934819498662,-8.129229985106283,-2.7599459524318015,-6.351679167086649,-6.9830614831472015,5.44965449094184,11.073413304154286,-8.718198760890324,-0.14347993296298434,-3.2626196958884393,1
-21.754409126948726,-5.381893669499285,-19.641105599633715,-5.75848302501735,2.290397549207791,-6.666910723724856,-0.22054540202096984,-7.591487240668676,-3.821974557920635,-5.3081093946995725,4
-20.025660958825053,-1.498545011074781,-8.60530038850218,-4.184847125633322,-13.90625879790387,27.64944568558846,-0.44892028460653677,-0.8743335826261109,14.377268448419137,25.407611832235474,1
11.49921050363647,12.699094661354351,-9.721419443347909,2.878624421699329,6.27585419450434,-0.6524003146096655,-6.973413560242053,3.2040054229528483,-1.3791506755824248,10.496612368055525,3
-4.104543406056589,-21.21090440722244,-19.569319449968717,10.56316780926273,-4.948199314267708,21.041543109351757,-16.405806750531717,-6.840521473849816,19.968815050443727,-1.0945966193477012,5
3.0256582120948283,1.7748459253861344,-0.7012580344100909,-12.380961721991541,2.760978086284757,32.92935192295729,0.7463481508322065,3.1767332326914346,15.521412748737639,3.269748370576208,8
-9.092069482869743,8.053625108335032,-5.218445537540518,-11.859422787551324,19.32605616546825,-4.359887308425783,-15.10305540624443,3.936481920455185,-32.786203170488136,-3.5167215470950772,9
-22.483544905203164,1.9032448866329563,4.2892663772893975,28.71621555434576,12.85075428800911,-1.8626745101215505,-3.6321444466390496,-0.8420319302221237,-11.515689675874631,5.317577647847505,4
-13.857840681403019,2.49670356258361,-11.348690769742728,-23.1739425106512,-5.400576285258212,-0.07222432606974216,18.414788000621996,-10.758326784091963,8.192905895473807,-8.375467157892066,4
-1.0454232892307669,-14.530509752059732,-1.024503833376928,-22.381480995058084,-3.9020079600326323,10.844039137136653,-2.524366469958808,-0.20869908204543552,-12.478135299848246,-0.5504650144184584,0
0.05350606707353478,-7.089817866198521,9.343656766880297,-14.743844281216514,-14.284013546573957,10.163364881850628,-11.258820562532009,1.28353649374582,-14.122384641330244,-6.231812008602933,0
3.2371633107052533,4.993427387990483,8.721787392249826,-14.584064766272826,18.670244856942517,-8.582606922505601,1.850327673087425,-0.22058850795392226,-7.102756548434712,18.09335208913083,9
23.418461594063146,-9.6294291092185,4.122286986332419,1.1983187176650674,0.3193198587206332,3.487565205591652,14.054431005498268,-0.18428201168085234,-7.575646653488867,1.7488973159746202,6
17.08188418377308,-13.555443716778496,23.39662201188318,2.9863793676577233,11.592832091058984,4.4999475916093274,-13.128849280341546,-4.723641656016378,-5.604651346105812,-5.5784652582138605,2
-10.572913303640426,4.823096572893181,20.253174118439027,-8.727424332457401,-10.86461203102449,-8.135698336592174,-7.539945376020583,5.317618091262872,-15.567267679824251,-17.966323175452956,2
0.20952393566525274,-14.506504607953584,-4.800997476131226,3.8318980784223635,-7.397736078471019,7.103239004799205,26.484230650487927,-22.192954254711303,5.523442848292422,-6.364875363578859,1
5.698052666274745,29.898752384499893,9.422731856096185,14.36502577865624,-10.784963457827084,13.646179095773375,18.275728586547864,-1.1502873284990551,-6.763870773309739,-14.669724355387178,8
7.596723192463973,6.443115117806689,-3.9894083286664728,16.863326556880327,-7.950701059653167,11.88581488512556,9.27182815071012,-16.021848953128483,-12.541945920987523,-4.25956586863996,7
-4.703927458535069,-2.522008639761354,-19.585875586457938,10.62186146494364,5.283415689156696,2.5681253766431595,-3.8475310385889863,-19.133462785799786,2.828778673081767,-10.67760002474481,3
3.299869770883065,-1.1969563657781928,-20.46988406177364,-2.3316774158231244,7.832290533813912,-10.746150187982686,17.651832934111603,-15.845232206416963,-6.500988175623521,-12.606310778037226,5
24.530918526877205,8.516125135817148,-12.568445324743392,-5.525814661348384,-9.25570102785293,-23.65039678665635,-13.075318295589348,10.552294063595122,3.7295751420054604,-14.173418207426943,0
-5.9658602446470805,-7.689420727914124,-0.6421048971273462,-9.950136083775732,10.214123994467347,-6.424174554689522,7.670583509762029,-11.699439574470926,-18.70345306834396,-9.233551808932843,6
10.718341393456958,-7.002209580646738,-6.819776656281361,9.079700535483601,6.611062089305106,20.492625685599876,-14.578031369586924,-14.648835886789612,-11.015937621348362,-1.315945702912522,7
-5.4293537501575,-0.20174265400489766,5.107781944730853,-7.406591539532286,-7.770369903220022,-3.3582229719816006,11.561498075226908,0.3443487566377157,-2.824516070735303,-4.21019183077852,9
-2.4956968025772817,1.981717869691715,-8.693888193397147,-19.872751695359028,13.623712618862207,29.88818025479833,-26.62043483516534,4.855181995664208,-10.49225245325716,-1.5465592116654534,8
7.9448097734641205,13.908423188047282,-16.99012916810632,8.728998229294646,-14.257982473633062,0.8091411459801501,7.180783721089144,-23.14515183903736,-2.029551900666788,7.9499423226512365,4
-10.240791496370207,-15.633814436255491,7.673655377588242,18.019329381732074,13.582040891538215,-11.60707797700356,-7.995022902996627,-0.19646331696131636,-1.7830887273690479,3.79101448381527,3
-1.7393425212979334,5.019765184068026,-4.895029309365134,12.981846851449175,1.852763996050193,5.917472425699556,-11.905158249570933,3.2713305857216977,-16.55996753351553,15.567074568561779,3
-0.025544320609744986,2.187157174983178,-1.212457416019923,-3.4002990485705142,-12.078240766074966,-1.668049663608178,2.4685911426086573,8.762568249748533,5.756747847592356,-3.149054073675549,9
3.0741460299649788,-12.987398283948417,21.015024164899295,-4.601080576705245,-6.8607957543034015,1.7915213379759507,12.278096848872837,-6.087869264468581,2.9608597790184294,10.210772500009858,2
0.8383923495576209,-15.20119634003091,12.386781177919543,-7.152222065100142,28.40779292238409,-0.3959866664589242,-0.6992238407725264,-6.5755594214034385,-2.438207301640574,-1.174397240650296,2
-18.885720552982917,-7.872057935453843,1.884138273752317,13.720772129320661,4.15270285528034,24.292822950289498,11.468685484027281,-7.454709460620883,-8.044180850738792,-6.354778475239456,4
14.127483379453052,13.175362974565063,5.825055149880146,-4.482351891347015,4.731392687898268,11.788404494267256,1.2149017310560675,17.098464440965877,17.556546560454077,-12.489731963765854,0
-5.45293496442022,-5.939376746043574,-8.745828872713762,18.51880015137133,5.136801328626091,-5.642001321191185,17.475386901432003,-3.5557143205829878,8.180265727334872,7.703385674532778,3
-1.7698100318934977,-5.022420463883674,-18.784118659495903,-5.893662171936591,-1.1997295878612801,15.407314291041367,-15.42480890988486,-18.238563399901096,18.51972638132484,-25.880390887978752,5
-0.36849431528606935,-0.9025152882248557,-22.66020359101769,-23.921447665634357,1.0222243249732599,7.51626170527852,4.974907699473241,-0.6715957317258541,-1.4527727630978564,12.218078967642729,8
3.334862798742593,-5.231072793882295,-0.6926754060258888,-14.276234839456723,13.048839226025999,4.959838395737858,-6.452210424408854,17.460445876048706,13.507937267294581,11.373263014661815,0
-8.662077759793219,-3.563298606812096,0.1976057747709743,-8.402037548864834,2.6570954244920264,16.3689127096749,15.107795637372176,9.799909220615092,1.2171406826152231,20.126861300281792,8
4.499818129582808,-8.834520569223873,-12.035534370240443,10.99168501538303,-17.702632968983316,7.936180554192471,2.441802387518951,-8.11021395842931,14.652962987074947,8.224903938087497,5
-12.896258627718591,-3.940635580022425,-7.87786654517636,-3.7009568953504988,-3.1320882962766703,-0.3792782760231379,-5.048214785884702,-19.037558181767437,7.1433016912011835,-10.429310094709791,5
-1.9236849222075736,-1.6031123559131473,-6.779646766010555,13.131378852190547,-0.7334718387998775,9.201806682477933,-5.297576245074371,-16.57473301029107,12.62020651092405,15.442006083270222,1
4.903505530551067,-16.028602950597886,10.574078432323947,11.742202304251226,-19.496385821125656,7.141468054300788,31.797511845574768,-7.463013263415627,16.03833442827369,8.649680431336904,1
-9.422357399078662,-23.13074453882864,5.186794571731489,1.7628188874755804,2.381907762691518,-1.4321415436698537,-17.941545647799508,2.2209860699164916,8.654316869953066,20.72052810410873,9
-5.385084644132332,6.009265532093618,9.15299180721823,-14.60375582900343,19.050810721176877,11.628842240403088,-29.210433548763845,-11.947967200609094,13.036819821719897,-13.41754269609627,9
-26.738126110247443,7.997374509985095,1.1636513837769096,2.8452900653894684,3.866994734161682,-6.847026961843037,-0.5744171768157214,-14.366579704445808,-9.210235463746262,1.704845537027233,2
21.65743717844847,2.908207820143562,-1.8583262071887168,-2.7199091776392645,5.255196125780145,7.985533106539522,-0.17144634754357302,18.040751228840172,2.0185858854764205,-0.8614886147329059,8
-2.4073751789703763,-6.556075322115929,-9.836802956721023,2.857117721793993,-10.697945415919218,2.627558671275347,12.819317761128678,-7.255848129525558,-1.7808758064350592,7.325217824573439,3
15.890439819538559,1.1689791483794938,-3.8784524015230817,-2.02566540615446,0.13731711841471395,7.3844501750288,4.488597743776339,-3.392687169896077,15.43773643392132,12.202487811649839,5
-12.306576008661873,-15.221398669813235,-8.98689685497175,8.172841679928194,13.061109764475058,7.137617423991413,-3.0714502229641214,-19.67870347871458,15.25214467581625,7.284870423836168,8
-3.392932389685921,-2.1057861438470384,-4.890591651293582,10.760812654541109,-1.6144700291750116,0.9299389832666645,10.5901625086919,-1.0111642887064,-6.429051786581037,0.1716270601665535,4
16.67616807288872,-3.5876901611381857,-8.713650321473057,1.8555310941610212,-11.912078976148337,-1.3552781201679487,7.316417271775772,-10.502125420878198,4.970226549382062,-14.3123665328472,6
-5.015711043176436,-12.355996078338798,-11.072813852207727,-8.545970903769913,0.17676782196313567,-5.7867189970761945,11.231292081927638,-6.90793276866491,13.208176392139217,-19.72758178149785,8
9.421601634099273,2.955616007321126,9.104280217525474,-6.657596517015764,-7.961594547312107,9.036784969732151,10.803936969030312,-12.257732833746916,-1.9720045158567343,14.372858352608553,9
-8.11759124235677,-13.045340022794576,-5.213674271256633,-3.7471444806951535,-23.620394271157473,4.054524083256684,3.701245401167581,-19.78181170208397,29.092872419449282,-6.5912900095381,5
11.319256512689028,2.063269930417052,-6.387039907176254,-7.683242893919635,1.865368501049868,0.4877720809437438,8.948019257438183,-10.201988204902513,-18.46308836983751,-14.999288892874773,6
-16.626690434957077,-4.377031228285306,-5.963290227217275,4.915862111263952,-18.504691730844808,-4.4726170132247525,-24.380463356727308,-4.604239451114305,9.195699109633766,-13.895023371011556,5
7.855717606743439,7.665050581556786,-11.207072779387639,-14.138870424661125,-4.826154597078899,0.7140383368965253,3.2187446937721207,-0.4060832657374114,0.8585387060976153,-4.514554460269113,6
8.539028591561413,0.08591845067782877,-5.922893905388719,18.557656050670587,-4.711174951617776,12.990179321838493,15.23090856439468,-3.304948064839677,2.13143345921731,-7.649027585152636,4
-2.9106054541321176,-3.368371420958098,-7.395055228843937,-4.457849592013365,6.1036706483830265,-9.15333720677439,-12.67373691723783,-18.893566821691458,-13.875569175414153,-5.471673025936514,2
13.213434411095752,-3.5582880011772797,-9.749553912396062,8.078638162785591,-6.5231403742468865,23.974986948353305,-1.6565114005846262,-8.231767296754397,-11.41551664801636,-2.7059774413099458,7
-15.602266248642843,-4.852060535901965,-9.902684607694585,-9.333215004916582,-10.702154411576398,-0.6445777070242524,7.014159296295951,-0.6553009953452662,3.1807220581742763,7.494290311575325,5
8.013075699937176,8.948890797031499,-13.800127720605158,-0.841505281066615,-2.954666105451877,7.1965417806692145,-3.7349458609097255,7.042924974518279,-7.663674369390097,-16.742143424764173,6
-2.653013261706744,0.29553195614392,-17.799697550576347,7.056814485994508,-6.528407303401347,-5.622531742583458,16.20044973379354,4.348922274581469,14.780508655808728,8.45294962393104,4
-1.8326788376820051,-10.563491949114619,-4.189658793574825,-1.9784878206362002,-17.493481822609937,4.367352834052651,6.818300591901714,6.266429668624628,-2.7136776317838924,9.097005448464113,8
-7.062932571867357,-5.759911177602112,11.404275918172003,1.2793444554434572,1.981409991074325,-3.5748380841977028,17.79116538243302,-2.8677175652370392,10.373025480191169,4.768898535943993,9
-3.5987484921329713,-13.323171411272298,-18.8646314505904,-9.199981214386721,9.242926804943442,3.905726888424593,24.878582033053913,-0.17798699634606052,-12.544150447965107,-5.879912109058143,8
-12.672505478232585,-0.16675897718188537,1.2550800497247225,-0.6857574344669146,-0.02740252635296292,14.66257801256237,12.501844643546821,3.9578881888716237,6.200171415263203,-9.375083171188702,8
-11.227661519044766,-2.6862820729360326,-8.036283024361277,21.630102864630757,-3.6793076503837403,6.94418425272455,19.26853302130971,2.2094592866917395,-0.9203502303336268,7.301825513076835,4
7.347245401300217,-1.5257939073302325,12.863516214877794,-5.690601156014942,11.897232282196402,15.363150180091512,-2.741863927535639,1.9361803503585708,4.028548473286749,0.7852552494046563,9
-5.00647590952389,4.0123520325866995,-2.971772946790601,-7.659515153080941,-0.11427374527786505,-13.137260759147935,4.963644107347627,-8.053121699533357,-1.086583144951427,-8.103309386147927,2
-9.915666482840734,3.7558501504027664,15.515181558383736,-11.652378048675619,10.35657993835593,17.22525023329561,6.706348644777968,-8.757062366844135,14.047541875963915,10.879323876633638,9
-13.198607675176754,-2.523438770262741,-15.560521194608839,4.88277012992834,12.714092783269315,-18.44124294731367,8.520619920423307,3.619520256787359,19.835945193084157,2.934529470623441,3
3.108191305946729,-2.1938202541966505,22.92270578174626,5.102605936915385,-4.550817157353244,-26.60098221982107,-15.692522059893234,-9.404927448660821,-0.3203680228174064,0.16981198413681575,2
-16.78702423768177,0.43941692240011143,-3.1210368938214517,7.408462552142469,-11.831078482293897,28.04751053477979,-0.9765685488599625,-13.057570867783904,-7.548529238968327,13.890225832912709,7
2.6805667182581603,0.6776539228293179,-2.6928426428526433,-22.91235727273733,16.080293188779198,13.621091910814018,-4.8355256253144585,19.225907735713278,-9.93427511025412,5.85934287990801,8
-8.699851567441613,9.73506483729428,-0.4734277248142629,-15.499171211403603,12.904331603946655,-5.99726904447988,-21.947781774054,-7.117008298600252,-13.737373808841273,14.619964119694627,2
-10.272285958439872,-5.0852553816401755,2.5987174772156063,12.518459035286327,12.207035890628813,1.054177172301415,6.700736114447324,-15.031899882391523,14.193061707500066,-10.415535896803293,3
0.49854490952325037,-4.295377474929162,16.79555739583751,-8.122757028339944,4.31425875890206,4.100772899550677,0.4870215726102374,-10.561482775199956,-5.047536073370711,-15.202788627166228,2
-6.6028660474266,-30.1031040827039,3.990813104262989,-6.7691947939315495,11.66483941408132,27.14409753506928,-19.517385400537847,-10.492444956144332,3.9346906814644225,9.049157087011642,9
-9.905409211099638,-9.250724810522101,9.704862230839822,-2.266708445074485,-4.251708367995037,18.41802230197655,-9.578918009458269,-11.844150363517283,-5.560080377183998,12.825314913851681,7
5.177536526941371,4.999136059042984,-1.542428733663821,-20.905129494859708,5.1518990348768385,-0.372033695003843,7.630902362269056,4.363194518888651,-2.2572758645266617,-11.782508449364904,8
4.064917289553569,-5.289993428362189,3.6679291796464124,-9.741056140600367,1.0700794551193737,-11.656865870471401,5.5753952410797005,9.363714576257143,-8.684089595254544,-12.520001737220054,6
-7.097860825949203,-0.31324483334103514,-3.071067098547066,-13.774915397672615,7.671756070157725,-7.178332339851315,0.9343511910443363,1.3984145900341112,-6.968970605385172,11.605482648374696,0
4.294497696298654,14.913325872822492,9.916041289480225,1.860131178925815,-3.4345395490171953,2.9764620811547147,-11.360542350519045,-9.016193062605247,19.547593053527233,-3.4371004829247016,2
-6.824956946294435,-13.346061789720148,13.15745613776153,-17.12460826360681,-21.5045717051107,7.312540923801862,10.413358560508104,-5.69728335988639,5.547203810969627,27.06870466454062,0
9.469171514470075,13.801740950060152,1.008596740431742,0.21254647550965977,-20.75052463183359,1.4039970352813578,6.331948921487125,-21.677872482983464,19.107361538736683,13.500510595593171,1
5.842150762368105,6.3566970270036744,2.194337460206101,-14.917532378582761,-3.024900105451559,-2.2411677907162693,-1.6431958164340474,-2.3877403812862825,-7.004466951874733,3.5679447067394605,0
-3.069442799265275,10.134751066272784,-8.23019794168014,-13.182021369491844,-6.306037868120382,5.263970594437257,-21.6021274088381,-6.127074014834598,-0.8482356402961102,-7.07924600500827,5
9.076178120285949,-9.80001140142976,7.860495041857282,-15.085620871565125,-9.905562025134863,-6.162914968066907,-12.639421980923576,-24.42426240914494,22.92777475754578,-26.13880351780357,5
-6.400826844355277,-21.558057570434663,-10.919072559263064,5.062424803485142,-14.85054063791754,-1.4510341881859388,11.036846697587816,-20.524211246733408,4.995357094722079,3.277375666335984,1
-21.822320983362275,-12.424588393976698,7.806536311188598,0.4745019380942459,1.912625393410929,-1.5134925674744268,4.1379591673122,-7.818548491484429,10.335664041346666,7.897173151969975,7
6.050215503598146,2.9870651180812615,-17.542488676538827,-2.6387383204353387,-11.146254321623768,-2.6726449880785044,-2.194922839893661,-1.6556067374157815,2.939893612187954,4.3957690489181305,0
4.6219255069194345,-8.5057991309028,22.294598891899632,15.884855911957487,0.01638254497169811,10.696515997299018,12.71418265105115,12.409707295197705,-15.893951625970004,2.7057433509814226,7
-0.47319825890121336,-9.98763684381512,4.072876857626017,-12.46107094933073,-2.247894653537043,-18.16657559189587,8.948593331414948,0.35394496955798527,-21.3885481673556,-8.059804799350719,6
-4.295851845640789,2.7710935369771708,-7.899811333179863,-2.188688121253751,1.3075792401183084,25.922027919692404,9.68031952528334,-7.290860607836765,-12.996425420511361,-3.5209359320024483,1
-24.929648126966576,-12.902177512895657,-2.609783701069448,-0.9378951574729246,-6.510095848316626,19.45031553628199,20.84326074895923,-3.2975336294708955,-4.957865519322841,8.497117954521842,1
5.353092895592069,-18.374697829924216,-0.3879773554850172,-2.2761178117484704,1.0952225818666461,-1.825999222791003,-2.8951910429209757,-4.983682114721136,-4.507190635790803,-19.47514935429686,6
8.10209783067288,-16.72271055475214,1.9774253949530445,-6.161843466627806,-17.151046895436284,7.52757406838205,13.944351924727505,20.380674116123757,-14.862586400732493,-2.2224882469258134,6
-5.1993766052872745,-17.257360442727713,16.893772811609217,1.8688497919296942,-13.771369994071646,-1.3687558841571814,-6.5162497096558845,9.503485178432465,-5.662961247941489,7.696821180783925,9
-0.6969004901470104,-4.860459531466907,-14.868816551630665,-6.620435672509428,-1.4111761215171228,9.998442473788694,5.979123933105444,-10.956480100085113,0.22813035594915387,3.062692857521902,0
-24.294586525537394,7.839141952461272,0.9546213297096617,-0.9370098159788789,-6.390124106709369,0.5320762022390149,-0.25570723053069067,-18.212781100009558,-9.96671776156307,19.332105322689458,4
9.84448216328862,-6.462142319880993,-10.715198537730949,-5.836465251409219,-19.18640991938445,-12.324833251251142,-3.991466874582306,0.4091459410896636,10.093357084498269,5.1234106031855475,5
5.893419151814339,-6.320590825351722,5.798239607869089,3.7573561720600708,2.2488903137337988,-9.389020590409196,-7.70635252825471,-6.358496644459378,-15.615637268756963,-21.32440528375068,6
-12.299133313382853,-6.723469777264678,12.049957434165332,2.3735868295392013,-12.869551422099141,-2.088618273665392,12.84066204194747,1.1074084655411376,-3.35619180965963,-1.439008287717142,2
-13.292492595963004,-7.786836578441962,7.993263168836618,-6.332365663665375,12.60721871194467,-1.9889845604439467,1.932523078307156,-17.935127871357686,-6.235278316227209,-4.751109351550819,2
11.303271318190387,5.160120872302878,-14.913117389914817,-8.704249207163029,2.5406652027883894,-10.20962254211104,10.514152404293684,-3.084622885037831,-7.154841214993816,-1.8393680259374996,6
-6.390707096465263,-8.257427439172892,6.040570918079889,-4.179348388975256,-9.729974070871549,13.195153684682499,1.4565009921022525,-11.113844265071064,9.779821068891103,-2.2880036346005515,9
-5.964855525708655,14.681925160989467,-10.652506782137502,-20.05933802921891,1.2813984092748898,-4.585582936027087,10.662836515347506,-15.048981965209666,-18.730656600775248,-20.483523722076946,6
-3.2228689620020123,-2.426571697916702,-7.307699869810008,6.903280523736054,-5.082518581330614,-7.217082382773343,-3.6868194779353063,-19.02114302895567,6.265382798225393,-4.184199764110414,3
-5.807096312455656,-15.923455663507726,-16.665110433648614,-10.275059276563097,8.198471104800594,16.223299400886983,0.6315428612743452,8.756118677183359,6.263119001904569,3.4835616485796113,9
-15.425215066443528,-5.847380456936939,0.9324406139019636,14.363181942029493,-7.111314607154472,5.020276127117361,-0.04398346293110175,-21.641262986321966,1.1855703294410311,13.028797628263728,7
-1.4243693957884929,-2.3420479516581265,-22.185812579990213,3.250810287039328,-1.4062119340917194,14.225332320380623,-22.98133616131227,-6.9038095586622505,2.77329085427601,-9.127520766862865,5
-7.187536822552278,-12.88670282877525,13.012443180695765,15.849119504485735,4.70011271369933,-13.695788839647253,4.473290616945388,0.2174465819556879,10.595350683088405,-0.06738525056723232,3
4.296017960426867,-27.903969535957835,7.226283915328116,11.684899512008748,6.159117455111447,13.862422283553045,1.9426718963310465,-4.964399874641554,-25.168265803216542,13.831314789216156,7
-21.334076068237096,-12.420391185450232,-12.164801563682675,-14.686460787636044,-13.771359782607671,-1.6522615403390937,19.932212751362293,5.379859786554742,-17.797927783466424,22.148249105057182,9
8.10159208080588,16.260816971038867,9.0758994526818,-11.179333170703648,-11.54444745827568,10.390983061998233,13.237838433235574,26.088348884501013,-2.3695041805005825,22.03615156505523,8
17.673730833419807,-0.5509999197612305,6.733637300954031,-3.0051628990857093,-15.501446654793988,0.08548287219704065,21.918297807264395,-20.46721459304115,-16.80095231097898,-5.778843823987879,6
1.4034407358177265,8.708401331979701,5.805837585434017,-19.64350306506122,-14.515736098049167,1.5633625353705627,-0.04726673553245497,5.302249087448739,18.73955641658521,-13.847828426681682,0
-3.8504655834800205,-16.637554417477087,24.508023084137875,-4.9108425737440164,-6.47893859882443,-3.0970230378704606,-8.407865704543699,1.8939499223996794,4.910111904219746,12.20471920853641,4
11.15428457423769,-0.4374693666300864,3.1844993525054335,-7.743476872388335,4.642269957266559,16.613456342936644,-9.013535343283968,-3.1511721360053677,9.258244237868968,15.661994062840618,9
9.638492838919614,-32.29139192578383,1.8645302544468283,-3.94758003252544,-0.3922402153075666,12.043762946385323,-10.463642367145907,-16.069142113862167,-14.221776346660924,-8.271223997269075,5
-0.571502875444758,-17.41577700285216,3.4308474566011222,15.212327193710383,-19.203559092001587,21.736437486605006,-1.453437786742549,-1.9169682015891922,-7.670147524240516,13.37937752052865,7
-1.5797980433729872,7.076470622464456,-1.5423007811024796,-4.691457235909083,-18.792823642632726,8.314298829419407,3.799130383080831,21.474395930999677,-3.9503573415081306,-7.640531368844117,0
0.019697325026401646,2.6367039304321276,10.78843921421024,0.6529736761749922,16.083453180811116,-2.3435063582484457,0.6706065624528996,-11.574758030305775,-0.02176283112075339,-2.2592325557430684,4
17.96502368126417,-3.026281135636758,-4.166783194894509,-0.8006102968180446,-26.6758379848306,3.9707026152525637,-12.819638875491275,-2.6315429835516397,9.682046898877052,5.65024284120904,0
-19.527938354289518,-3.076104038840641,17.87270397187317,-3.379478809136648,-10.555862245811479,-24.723625943277092,11.868785553844006,-15.362971736676922,-5.06837221693843,2.2632410216467003,3
-7.446452114915688,0.006041167874125897,9.876827822359772,15.33752899522197,18.562910643416938,20.399625861541434,27.57393026619729,-12.936499591634995,-10.767354100453364,12.302520139158805,1
17.27628744607761,-18.119328387258225,14.106587143637633,8.022475391752359,-12.054588270461059,24.225876892464218,-3.2689346776300283,-0.9181700396362498,-1.0762579604894764,0.5853338192720732,7
5.4232216732829475,-26.385537812024907,-27.245823811601298,9.380827680371809,-11.567308040884331,0.729615953833143,-14.381830283669425,11.167770248053749,-0.173849127947026,-5.667599214733811,5
-6.28106799919156,-18.26765565191043,0.3129431900996775,17.07609288947423,3.628192626583349,-6.015282503347531,2.9700289022458963,-6.717918919360539,19.78389124543002,2.525118251846631,3
-4.365953326131752,-8.59848820250016,-37.98138238630317,-11.530454405095433,-2.8826945023062267,10.397781345788545,-14.959522643427071,-19.354571806310027,8.323770434022988,1.0600554049521627,5
38.43476135614133,-9.780608785020714,4.780239225203051,-8.50475954322489,-3.5545340713958087,-6.645499648811641,-16.38656555319247,-16.77469309386505,14.611440256178923,-0.15457774959223425,0
-10.3475744637149,-13.436974395337067,-6.546440949730815,16.19883024873956,16.82032914939377,12.024310175497405,13.109230326900372,-14.616969209142658,-18.958576265141588,-2.478788145867145,7
1.6694090393824155,3.2623446800627915,-0.5430165455920162,-14.875986909789223,7.345147627627179,30.787818929569276,-16.92376935957142,-0.5683551442234664,14.37028398058633,0.668683558039814,0
-17.98800758715157,-10.139669154614062,3.1068767606895626,3.877072699001907,-6.484831310982742,10.13411847830323,-9.098473721569947,1.0656601202148561,-5.296770353866242,7.581566070871006,7
-11.96092388042303,-13.124524034570058,-12.441846386759988,-9.983275417803862,-4.281618684886199,18.381708175194145,2.8421263000585206,16.287978948431473,-7.715102256152294,8.547956442604471,5
-2.5992606422421005,-12.507354337119194,0.33324269837293974,22.357082893711038,-17.431331190385663,-2.0796244107501316,-21.743442987083483,-7.635219537660379,-4.524711491117539,3.1263707162783243,7
-1.8510213506014073,-6.564332777687799,4.578070809795862,1.9466370084842541,-17.894371174441023,5.933864009963426,-8.37541358077758,-29.597363922375102,-15.676115131985403,-0.9731433241255436,7
-2.520312347980205,15.31311600614577,-8.105218821951025,2.884054335570786,6.482630612492455,20.058219468102564,2.954186374976797,-0.16716018992112414,-8.541200999243625,-11.336171157798702,0
4.182481382209582,8.441662854996917,6.457932004300816,-8.427110322188803,-12.498343813965507,-6.836295477692025,7.27417667831258,15.694309572296289,-33.12810809104832,-0.5424617561702219,2
-5.269488613650898,9.061296272079984,-21.712988073391244,18.768487368936725,-8.339197234999352,18.403308074343528,11.345470699430646,-16.986765661384972,-5.831100219321398,15.555958642701263,7
-16.00459041068388,25.893772040809125,4.582798706051826,15.413304404618552,10.796907429437582,11.442041892267493,4.109095063224682,-21.338350234028354,8.37886281879189,1.4721572488838652,1
5.424143265890848,5.95936878726304,5.271628851188105,-24.79347703114808,2.258858430923544,-9.88031448037029,13.428356423372474,4.488389248237311,5.079949545555057,6.637479243803837,0
-4.175239268583042,-15.831829866654854,5.166968319318202,11.078607004393824,-2.2423684672811595,-2.020624369615935,8.902339125272057,-3.6252612350657696,-4.838555010646428,-9.414972888836028,2
15.703731900305826,-3.2600485281470855,17.595120935859672,-1.675783692782776,-10.084232544263598,-3.163443595814199,17.668643246280933,-20.190764775573637,20.072127228727933,3.1982952066198433,0
14.915223868958675,6.882151252126704,-9.155508891765551,-5.251600061138875,-0.6573869851509451,-12.117048530868594,-2.395271313128447,-4.107191810206306,9.176492906690793,-6.7313260955972485,8
3.802615150107721,-3.598098336959494,-2.5957206114166684,-2.324024957431128,0.813537993870642,39.83090828663893,2.950558013772234,-9.812582996260565,0.7390745280421518,6.271275341668095,1
-27.716766814921073,0.2674269177913309,10.03572634704657,4.674945887144015,5.109117099406099,-15.053112394077512,-0.7625324006352873,-7.589080605949743,3.7503139726563686,-7.070379888761647,3
-6.650396933896932,-11.65238765342992,15.828903451452728,-12.23598822690932,-20.16091438263898,-4.8501613998372,-8.502769506254882,-0.27507726205791627,-10.242421143283792,-1.0061866554095906,2
-1.348309441260426,-11.624033000709025,-8.70827731880956,-9.125623370833853,2.799842302496682,1.262024214770097,-27.92149804328823,-5.441784525137946,-8.85521371668457,2.6619986712393136,0
-2.5196805882625224,-3.9205333894525713,-17.359430185124353,3.7401215477874903,-17.58598556301384,19.28721796720943,-15.332114319671426,-21.022063476438728,-12.938285505536491,-5.172869280694769,5
-5.892335306368487,1.1508916507529898,-8.78923933039695,15.530452184501282,-7.296436168970372,-3.847713783002409,-13.455463843957148,2.6145115238242838,-1.113730177621084,-1.114162831159899,2
-0.6122753813762678,-6.451429820180124,-6.79923048490239,5.410615665146133,3.3549659505620433,11.570520755087019,-25.450402654306416,-11.0633684223456,-15.335554877819469,-2.4237811448202002,7
4.806792283353006,-13.468866707335016,-22.048643212366727,-5.183507851139549,0.3647318041371488,9.638177181209489,20.459349243121256,-1.404176643518623,7.760600746310493,8.176419590746384,8
10.018476415453861,-1.0338570446206736,-21.55187869142982,-5.088062499614788,-7.177305275630451,12.85679947762833,-7.5694456914666475,-4.6358669077599615,8.964652893433888,19.978326437021174,8
-18.836300107571823,-10.712388331383957,20.60544431265199,-5.653195892678749,5.490631548185067,13.552909874849535,-0.9984180211080271,9.65000141201722,8.103843756331575,11.26843524683151,9
-15.257883830355857,-5.830729322761665,-22.67401970387903,15.86954027432909,2.147751332794037,23.228665306966796,-1.2805281339306056,-12.527959809216787,-15.827449149882874,20.53466393415875,4
-8.98310158122132,-5.993260135329373,-21.676245392056664,-8.282096735124043,-10.071108510659975,21.651096590698735,20.274877868486847,-12.276582304080321,-20.54238281355185,-10.02897845929977,4
2.1367849211720835,-12.070378321230635,-17.12321961287584,-25.45549837319669,-11.477316487199218,10.439958784832061,1.2865609109831295,-10.868543332639444,4.370354252712575,11.846377695122602,8
11.189709565106607,-1.0434116790756296,1.67007598961928,-8.825864812224411,-13.704266685128093,-20.359730236395087,-9.508393047372419,15.5750229372997,-22.274065816992277,-3.0461736253866647,0
2.3236257084498853,2.092027153869587,-0.09470081632184213,-12.747812853667007,-21.14487517571863,10.196837589092121,-20.031029959040655,1.6881844011513794,0.24433363721999957,21.760518294819143,0
-0.5159019721321423,-21.901419862935597,-7.082416109959377,-16.357222966307887,-2.6371779885873607,5.103554694483316,11.547965330755522,-2.665014708730064,23.387989528402183,-5.850212931639813,8
-14.637358817020752,3.948625525317069,7.543258063420582,-6.299267995932092,-10.53502833308074,-10.59680437018615,16.79883743129541,-9.902129016606931,5.308178822270445,-5.632594902039591,6
-4.465951999499451,15.907181125384582,-34.25468917158035,16.67607281391156,-0.4289128800394568,-0.17679011182710447,-4.344836388606007,11.522063563227428,14.32454238247343,7.291293267713728,3
8.793508048158833,-9.731257862567144,0.744823756082309,2.4732092813020987,-18.966958511908793,-4.807907412921461,-17.540611147298556,-10.302306667919254,3.0507213495788865,16.446749036367294,0
10.823962513932944,1.3124190261321578,-16.38929782145697,6.055234457267504,-4.411847358616309,-1.5555330313308544,-4.968816232495782,9.42152051524277,10.930706706916208,4.020434787470226,0
-7.26770488137665,-23.186412689667293,-2.6799404478141193,3.079634213772607,-16.794071046691442,-2.5364169828929164,-2.1617247749631066,-20.44277915440307,-22.022012732663345,13.774188628017162,7
22.050454643808692,-0.2822512043648713,-0.6893367600825195,6.88708157087442,6.32307765974358,20.095740085050977,0.2541719609177475,-16.82331703803657,-9.509961359734286,29.79956488204828,9
-0.8233656467612658,-17.78734847666051,2.529085465185984,23.106905770149915,-30.949426031265848,-9.143380066815077,-1.1465076792090585,-18.931360656063035,11.315501247205248,7.161763453968349,1
-13.062545928989648,-0.09973241296815161,-17.300678610063713,16.442111895621203,-2.0032484723936994,19.335206673406155,-0.776428301841765,2.7888284076933747,-4.01463761716724,4.803920219130178,4
4.159961849009944,-0.6840922618927081,-11.453738308758727,-6.078052837974873,-3.9369174806565534,-2.057527943477602,3.662372988956202,-2.964569591540069,8.483640818673784,-7.180633055869671,5
15.866548190747102,2.6246150770337273,0.7607378096349651,3.4121522692117665,-16.297138538904107,2.30245401675114,-0.2643221440849608,-2.67135251738856,8.071700462255427,-5.0065598091612475,6
3.6043181929222623,-9.090600752495448,-0.7679263656922064,-0.2818562241194451,-0.1496931902602805,25.1659084331594,-19.12235821210399,-10.767110175882515,18.085113023565533,-5.937754390170187,5
-14.815656290652894,3.105886262576753,-7.959306856945943,-12.37060094974974,0.7056698363224179,-8.149603174439937,2.9229919841617624,-1.2012494220960708,5.27441505271716,6.569432348341477,2
-8.915343059589167,-3.22219186987327,-2.075568982055742,-3.837730808865633,-16.14821483824298,-12.315193256585886,-4.205768278098288,-20.259596830298193,0.5168652908855158,-7.29829719299115,4
-12.093551208287273,14.265230682864624,2.0651215191941406,15.279680284564606,4.336612981985123,5.806182195581161,12.663263799599061,4.510150384914985,7.406503978582375,16.160192556476108,1
-8.62291955135433,7.615572409787665,-9.800762026654349,4.330482283643546,4.242929171687753,12.637797652716168,12.873148649313679,-14.90626763893546,-10.231780896118517,26.471847347474903,9
-1.0576443671331273,10.355513957994408,10.844142677510538,2.6682452930992877,0.8969936198853983,4.5755647948907,-6.208467154437573,16.229339273500926,-6.292443473693066,-7.013105968252971,0
-18.596182521216235,7.481523983303658,-4.387160649779593,6.970488091627626,14.21814230533731,6.746174223447789,8.190304569930122,-9.57434904938826,-18.084490348493752,10.305594246640958,4
-1.3079377972225565,16.305299088985365,10.562607991526887,7.671157555710996,15.983056580695594,24.215702972697088,0.7742669659955627,-19.017176169672062,-12.333765721941312,21.244260710090494,7
2.2931816439410646,-5.015711174938166,-29.610536592218494,5.636909250868555,8.1391776097885,-12.975267900782079,19.451810213274634,-9.519980046996531,12.047600682101677,0.6872783834738625,4
3.459159636747544,-1.9536560728880468,-12.68113576920559,12.51135997547107,0.8675616383346716,19.014524283996288,-0.42229779833623127,3.0397168507451937,-12.452322076253516,23.52200248171384,4
16.596055212347125,14.948262672588035,15.55675021270947,-3.6922499577213657,-12.089020633742429,-8.470633129923286,-3.9571571881845515,-8.0939682276076,4.433976707868852,5.017974075224446,0
5.67458437869202,7.662036931034175,-7.931411567203137,-11.490199431654172,6.321694118971051,-1.0798965259144726,-9.697774593669,-12.241292600045643,-20.223991007410095,-15.68143587777216,6
-19.133704029857938,13.1598491213278,13.38382084513825,5.52049882388039,-0.6535572246231611,6.135424864308682,-1.6505071611550193,-0.25272736814902874,18.870865669521294,13.730973207409395,1
-14.26585761771942,1.4748426041048743,-18.432933873250462,6.08748306117201,15.9587202966197,-0.9281361171200961,11.83519553755024,-1.899582283665136,-2.7303540571182907,-13.579786236077931,3
